{"precision": 0.7776173285198555, "recall": 0.6579108124618204, "fbeta": 0.7127729980145598}