{"precision": 0.7757216876387861, "recall": 0.6578782172002511, "fbeta": 0.7119565217391305}