{"precision": 0.7620874904067536, "recall": 0.6410587475790833, "fbeta": 0.6963534361851333}